Address,Packets,Bytes,Tx Packets,Tx Bytes,Rx Packets,Rx Bytes,Country,City,Latitude,Longitude,AS Number,AS Organization
"3.220.155.233",61,16495,31,13522,30,2973,"","","","","",""
"3.225.201.66",105,23549,55,17336,50,6213,"","","","","",""
"3.232.184.18",53,19483,26,15460,27,4023,"","","","","",""
"8.240.169.252",164,156605,111,152257,53,4348,"","","","","",""
"8.252.215.126",14,2053,7,1069,7,984,"","","","","",""
"8.252.220.254",68,7208,0,0,68,7208,"","","","","",""
"10.42.85.10",65092,11549940,26512,2325815,38580,9224125,"","","","","",""
"10.42.85.115",82809,62547650,30876,4377465,51933,58170185,"","","","","",""
"10.42.85.255",96,11587,0,0,96,11587,"","","","","",""
"10.90.90.90",3590,761292,1788,588062,1802,173230,"","","","","",""
"13.35.126.20",93,54227,49,50525,44,3702,"","","","","",""
"13.107.4.254",33,10236,16,8114,17,2122,"","","","","",""
"13.107.5.88",77,39118,43,35042,34,4076,"","","","","",""
"13.107.6.156",33,12886,18,11083,15,1803,"","","","","",""
"13.107.21.200",3808,2359231,2235,2100807,1573,258424,"","","","","",""
"13.107.246.10",175,55648,91,45179,84,10469,"","","","","",""
"13.225.41.147",9,2813,4,2258,5,555,"","","","","",""
"13.225.54.10",47,16240,23,13739,24,2501,"","","","","",""
"13.225.54.89",86,41165,45,37638,41,3527,"","","","","",""
"13.249.64.49",26,5206,13,3697,13,1509,"","","","","",""
"13.249.64.115",49,13478,23,10227,26,3251,"","","","","",""
"13.249.64.218",9,2757,4,2214,5,543,"","","","","",""
"13.249.71.26",48,22480,23,20007,25,2473,"","","","","",""
"13.249.71.63",134,70673,79,65117,55,5556,"","","","","",""
"20.54.64.202",16,5009,8,2534,8,2475,"","","","","",""
"20.140.48.68",30,7157,15,5376,15,1781,"","","","","",""
"20.189.118.208",16,5009,8,2534,8,2475,"","","","","",""
"20.190.134.4",34,12641,19,10357,15,2284,"","","","","",""
"23.7.101.24",59,17330,30,14680,29,2650,"","","","","",""
"23.32.45.41",1717,1202023,1003,1134928,714,67095,"","","","","",""
"23.37.117.182",538,420718,321,404042,217,16676,"","","","","",""
"23.47.48.9",96,36665,51,31587,45,5078,"","","","","",""
"23.47.48.59",250,205891,147,198427,103,7464,"","","","","",""
"23.47.48.60",3011,3221362,2146,3166766,865,54596,"","","","","",""
"23.47.193.50",5016,6524563,4407,6477178,609,47385,"","","","","",""
"23.48.11.18",269,156783,149,140778,120,16005,"","","","","",""
"23.48.11.26",1938,1454894,1175,1377634,763,77260,"","","","","",""
"23.48.11.42",337,180172,188,161267,149,18905,"","","","","",""
"23.48.11.90",205,134904,115,121991,90,12913,"","","","","",""
"23.66.176.80",36,9853,17,7647,19,2206,"","","","","",""
"23.66.191.26",422,280652,238,263511,184,17141,"","","","","",""
"23.100.237.4",57,17457,29,14514,28,2943,"","","","","",""
"23.201.216.105",466,222015,265,203722,201,18293,"","","","","",""
"23.203.96.10",1128,900665,657,867248,471,33417,"","","","","",""
"23.203.96.43",154,71548,76,64433,78,7115,"","","","","",""
"23.207.219.76",70,34319,41,29542,29,4777,"","","","","",""
"23.221.63.58",195,78363,102,69683,93,8680,"","","","","",""
"34.96.91.138",1804,1941542,1332,1910336,472,31206,"","","","","",""
"34.98.80.117",45,10802,21,8183,24,2619,"","","","","",""
"34.197.67.42",49,16861,26,14204,23,2657,"","","","","",""
"34.215.119.141",36,11670,19,8899,17,2771,"","","","","",""
"34.216.236.130",460,429061,333,414549,127,14512,"","","","","",""
"35.212.250.127",61,21772,29,15354,32,6418,"","","","","",""
"35.244.159.8",62,15146,32,11808,30,3338,"","","","","",""
"35.244.245.222",51,14831,25,12135,26,2696,"","","","","",""
"40.90.22.187",50,23432,29,16739,21,6693,"","","","","",""
"40.90.22.189",54,27916,29,22945,25,4971,"","","","","",""
"40.90.22.192",156,67802,89,51395,67,16407,"","","","","",""
"40.91.125.0",24,10147,14,7284,10,2863,"","","","","",""
"40.122.160.14",120,65061,60,25716,60,39345,"","","","","",""
"52.26.146.4",28,2992,6,1224,22,1768,"","","","","",""
"52.35.10.101",70,17335,28,13636,42,3699,"","","","","",""
"52.37.173.24",28,2984,6,1220,22,1764,"","","","","",""
"52.114.77.34",143,75537,73,36050,70,39487,"","","","","",""
"52.114.128.10",41,19702,23,6415,18,13287,"","","","","",""
"52.114.128.43",21,7363,12,5095,9,2268,"","","","","",""
"52.114.128.69",26,10687,13,7724,13,2963,"","","","","",""
"52.114.132.22",26,9938,15,5619,11,4319,"","","","","",""
"52.114.132.73",125,50383,66,35799,59,14584,"","","","","",""
"52.114.132.91",273,193177,140,12740,133,180437,"","","","","",""
"52.114.159.23",244,121540,125,56579,119,64961,"","","","","",""
"52.114.159.112",61,33765,33,6960,28,26805,"","","","","",""
"52.148.151.26",26,8623,14,7176,12,1447,"","","","","",""
"52.167.250.154",118,42765,61,32744,57,10021,"","","","","",""
"52.170.57.27",61,32178,30,12705,31,19473,"","","","","",""
"52.171.136.200",56,14938,27,11824,29,3114,"","","","","",""
"52.184.206.73",33,10931,17,7769,16,3162,"","","","","",""
"52.217.65.150",52,12229,26,9609,26,2620,"","","","","",""
"52.230.222.68",26,2794,14,1583,12,1211,"","","","","",""
"52.242.211.89",127,37028,78,25558,49,11470,"","","","","",""
"54.172.21.178",59,18439,32,15257,27,3182,"","","","","",""
"54.172.53.141",57,17110,30,14030,27,3080,"","","","","",""
"54.241.183.211",52,16373,25,13569,27,2804,"","","","","",""
"65.52.108.90",53,19119,28,6237,25,12882,"","","","","",""
"70.37.74.6",1613,1109936,949,972756,664,137180,"","","","","",""
"72.21.81.200",78,34708,44,31150,34,3558,"","","","","",""
"72.21.81.240",4,228,2,108,2,120,"","","","","",""
"72.21.91.29",309,78837,151,59079,158,19758,"","","","","",""
"72.21.206.140",105,43725,52,34352,53,9373,"","","","","",""
"74.114.154.22",54,15285,27,12550,27,2735,"","","","","",""
"74.120.184.194",3096,2583740,1938,2490788,1158,92952,"","","","","",""
"74.120.184.204",1828,1634328,1121,1587401,707,46927,"","","","","",""
"75.2.13.80",48,16039,25,12764,23,3275,"","","","","",""
"75.2.92.115",53,15752,26,13000,27,2752,"","","","","",""
"75.98.70.72",102,51844,54,23148,48,28696,"","","","","",""
"99.83.181.31",103,23774,55,15154,48,8620,"","","","","",""
"99.84.226.197",279,107962,144,92873,135,15089,"","","","","",""
"104.16.68.69",52,11525,26,8831,26,2694,"","","","","",""
"104.16.88.20",43,10838,21,8423,22,2415,"","","","","",""
"104.16.148.64",206,138982,114,131968,92,7014,"","","","","",""
"104.16.190.66",64,15093,31,11486,33,3607,"","","","","",""
"104.17.78.107",66,25755,34,22464,32,3291,"","","","","",""
"104.18.12.165",3951,4884424,3330,4844545,621,39879,"","","","","",""
"104.18.14.176",115,81305,72,77642,43,3663,"","","","","",""
"104.18.20.226",9,2966,4,2422,5,544,"","","","","",""
"104.18.21.226",37,11931,18,9837,19,2094,"","","","","",""
"104.18.25.243",9,3274,4,2734,5,540,"","","","","",""
"104.18.252.222",291,224728,188,215874,103,8854,"","","","","",""
"104.20.185.68",54,18507,26,8398,28,10109,"","","","","",""
"104.45.177.233",96,51408,54,22284,42,29124,"","","","","",""
"104.69.125.175",15,5700,8,5067,7,633,"","","","","",""
"104.77.178.48",255,157336,158,142709,97,14627,"","","","","",""
"104.77.178.62",236,140853,140,127855,96,12998,"","","","","",""
"104.92.247.90",32,16364,17,14831,15,1533,"","","","","",""
"104.111.89.205",8,518,4,278,4,240,"","","","","",""
"104.121.193.216",54,16088,27,13094,27,2994,"","","","","",""
"104.121.197.197",19,7584,10,6383,9,1201,"","","","","",""
"104.126.211.229",69,23004,32,15693,37,7311,"","","","","",""
"104.126.214.20",50,23690,29,21394,21,2296,"","","","","",""
"104.244.39.20",336,112359,164,40376,172,71983,"","","","","",""
"143.204.26.146",8,1756,3,1342,5,414,"","","","","",""
"143.204.26.213",10,2983,5,2433,5,550,"","","","","",""
"143.204.39.19",107,34351,55,28939,52,5412,"","","","","",""
"143.204.39.59",107,56955,54,52685,53,4270,"","","","","",""
"143.204.39.99",62,28603,33,25807,29,2796,"","","","","",""
"143.204.39.102",114,62051,60,57524,54,4527,"","","","","",""
"143.204.39.109",52,17727,25,14739,27,2988,"","","","","",""
"143.204.131.79",3360,4479820,2977,4455480,383,24340,"","","","","",""
"143.204.131.107",59,25710,31,22988,28,2722,"","","","","",""
"143.204.161.15",63,21265,33,18117,30,3148,"","","","","",""
"143.204.166.12",49,16758,24,14159,25,2599,"","","","","",""
"151.101.0.194",60,19941,32,17165,28,2776,"","","","","",""
"151.101.1.67",4676,4435180,2986,4320884,1690,114296,"","","","","",""
"151.101.1.140",1477,881709,798,807635,679,74074,"","","","","",""
"151.101.2.91",44,15651,22,13288,22,2363,"","","","","",""
"151.101.2.114",549,443290,353,423765,196,19525,"","","","","",""
"151.101.64.194",1118,551822,623,480876,495,70946,"","","","","",""
"151.101.65.67",149,58172,78,49807,71,8365,"","","","","",""
"151.101.65.140",1206,862918,712,822499,494,40419,"","","","","",""
"151.101.66.114",91,20162,44,13310,47,6852,"","","","","",""
"151.101.128.194",61,20655,32,17186,29,3469,"","","","","",""
"151.101.129.67",401,300764,237,287694,164,13070,"","","","","",""
"151.101.129.140",1483,1212172,950,1170028,533,42144,"","","","","",""
"151.101.130.114",362,320943,242,311105,120,9838,"","","","","",""
"151.101.192.194",86,43545,47,40123,39,3422,"","","","","",""
"151.101.193.140",115,35453,59,29427,56,6026,"","","","","",""
"151.139.128.14",150,32329,60,23009,90,9320,"","","","","",""
"152.199.4.33",206,192320,141,187281,65,5039,"","","","","",""
"157.55.212.205",26,12092,14,9370,12,2722,"","","","","",""
"157.240.28.16",255,194144,155,186932,100,7212,"","","","","",""
"157.240.28.35",116,23514,58,11796,58,11718,"","","","","",""
"162.159.135.233",819,513949,512,471099,307,42850,"","","","","",""
"162.159.136.232",301,214813,176,205375,125,9438,"","","","","",""
"172.217.1.195",38,8583,18,5973,20,2610,"","","","","",""
"172.217.11.227",93,45993,49,42127,44,3866,"","","","","",""
"172.217.11.234",59,12253,29,9326,30,2927,"","","","","",""
"172.217.11.246",415,331483,253,320073,162,11410,"","","","","",""
"172.217.12.10",440,339854,244,326809,196,13045,"","","","","",""
"172.232.42.9",54,20830,26,17910,28,2920,"","","","","",""
"172.232.42.32",2158,1744049,1356,1677817,802,66232,"","","","","",""
"172.232.42.57",31,10200,14,7998,17,2202,"","","","","",""
"172.232.42.82",31,10714,14,8503,17,2211,"","","","","",""
"184.25.123.53",291,160322,159,143768,132,16554,"","","","","",""
"184.25.204.8",21,5298,10,4142,11,1156,"","","","","",""
"184.25.204.49",8,1633,3,1079,5,554,"","","","","",""
"184.25.204.56",40,15504,19,13386,21,2118,"","","","","",""
"184.28.49.221",654,538675,417,518030,237,20645,"","","","","",""
"185.184.10.30",51,13470,27,10908,24,2562,"","","","","",""
"192.0.77.3",469,362635,270,348462,199,14173,"","","","","",""
"192.168.45.1",814,100873,407,63336,407,37537,"","","","","",""
"194.61.24.102",60694,10400824,36414,8771498,24280,1629326,"","","","","",""
"199.232.196.64",68,44073,38,41160,30,2913,"","","","","",""
"204.79.197.200",6072,4289201,3683,3441351,2389,847850,"","","","","",""
"204.79.197.201",55,18455,30,14858,25,3597,"","","","","",""
"204.79.197.203",1859,1027350,1073,936094,786,91256,"","","","","",""
"204.79.197.222",34,12878,17,10466,17,2412,"","","","","",""
"207.198.113.179",58,13142,30,9750,28,3392,"","","","","",""
"208.80.153.224",3336,2313609,1904,2194356,1432,119253,"","","","","",""
"208.80.153.240",1836,928221,905,844379,931,83842,"","","","","",""
"209.197.3.15",82,53260,52,50136,30,3124,"","","","","",""
"224.0.0.22",30,1818,0,0,30,1818,"","","","","",""
"224.0.0.251",12,1200,0,0,12,1200,"","","","","",""
"224.0.0.252",44,2930,0,0,44,2930,"","","","","",""
"239.255.255.250",15,2685,0,0,15,2685,"","","","","",""
